preyID,Eaten_day,outcome,Rx,sal
1,1,1,0x,1
2,1,1,0x,1
3,1,1,0x,1
4,1,1,0x,1
5,4,1,0x,1
6,6,1,0x,1
7,9,0,0x,1
8,9,0,0x,1
9,9,0,0x,1
10,9,0,0x,1
1,1,1,0x,21
2,1,1,0x,21
3,1,1,0x,21
4,3,1,0x,21
5,8,1,0x,21
6,9,0,0x,21
7,9,0,0x,21
8,9,0,0x,21
9,9,0,0x,21
10,9,0,0x,21
1,1,1,0x,22
2,1,1,0x,22
3,2,1,0x,22
4,2,1,0x,22
5,2,1,0x,22
6,2,1,0x,22
7,4,1,0x,22
8,4,1,0x,22
9,9,0,0x,22
10,9,0,0x,22
1,1,1,0x,29
2,1,1,0x,29
3,3,1,0x,29
4,9,0,0x,29
5,9,0,0x,29
6,9,0,0x,29
7,9,0,0x,29
8,9,0,0x,29
9,9,0,0x,29
10,9,0,0x,29
1,1,1,0x,30
2,1,1,0x,30
3,1,1,0x,30
4,1,1,0x,30
5,1,1,0x,30
6,1,1,0x,30
7,4,1,0x,30
8,4,1,0x,30
9,8,1,0x,30
10,9,0,0x,30
1,1,1,0x,37
2,1,1,0x,37
3,1,1,0x,37
4,1,1,0x,37
5,1,1,0x,37
6,1,1,0x,37
7,9,0,0x,37
8,9,0,0x,37
9,9,0,0x,37
10,9,0,0x,37
1,1,1,0x,38
2,1,1,0x,38
3,1,1,0x,38
4,1,1,0x,38
5,8,1,0x,38
6,9,0,0x,38
7,9,0,0x,38
8,9,0,0x,38
9,9,0,0x,38
10,9,0,0x,38
1,1,1,0x,42
2,1,1,0x,42
3,1,1,0x,42
4,1,1,0x,42
5,1,1,0x,42
6,3,1,0x,42
7,3,1,0x,42
8,5,1,0x,42
9,6,1,0x,42
10,9,0,0x,42
1,1,1,2x,5
2,2,1,2x,5
3,8,1,2x,5
4,8,1,2x,5
5,9,0,2x,5
6,9,0,2x,5
7,9,0,2x,5
8,9,0,2x,5
9,9,0,2x,5
10,9,0,2x,5
1,1,1,2x,9
2,1,1,2x,9
3,1,1,2x,9
4,4,1,2x,9
5,5,1,2x,9
6,9,0,2x,9
7,9,0,2x,9
8,9,0,2x,9
9,9,0,2x,9
10,9,0,2x,9
1,1,1,2x,12
2,2,1,2x,12
3,2,1,2x,12
4,2,1,2x,12
5,2,1,2x,12
6,3,1,2x,12
7,9,0,2x,12
8,9,0,2x,12
9,9,0,2x,12
10,9,0,2x,12
1,1,1,2x,15
2,2,1,2x,15
3,2,1,2x,15
4,2,1,2x,15
5,2,1,2x,15
6,2,1,2x,15
7,2,1,2x,15
8,9,0,2x,15
9,9,0,2x,15
10,9,0,2x,15
1,1,1,2x,39
2,1,1,2x,39
3,3,1,2x,39
4,8,1,2x,39
5,8,1,2x,39
6,9,0,2x,39
7,9,0,2x,39
8,9,0,2x,39
9,9,0,2x,39
10,9,0,2x,39
1,2,1,2x,43
2,4,1,2x,43
3,5,1,2x,43
4,9,0,2x,43
5,9,0,2x,43
6,9,0,2x,43
7,9,0,2x,43
8,9,0,2x,43
9,9,0,2x,43
10,9,0,2x,43
1,1,1,2x,44
2,2,1,2x,44
3,5,1,2x,44
4,6,1,2x,44
5,6,1,2x,44
6,6,1,2x,44
7,9,0,2x,44
8,9,0,2x,44
9,9,0,2x,44
10,9,0,2x,44
1,1,1,2x,45
2,1,1,2x,45
3,1,1,2x,45
4,2,1,2x,45
5,2,1,2x,45
6,2,1,2x,45
7,4,1,2x,45
8,9,0,2x,45
9,9,0,2x,45
10,9,0,2x,45
1,1,1,3x,10
2,1,1,3x,10
3,1,1,3x,10
4,1,1,3x,10
5,2,1,3x,10
6,2,1,3x,10
7,4,1,3x,10
8,9,0,3x,10
9,9,0,3x,10
10,9,0,3x,10
1,1,1,3x,17
2,1,1,3x,17
3,1,1,3x,17
4,2,1,3x,17
5,3,1,3x,17
6,3,1,3x,17
7,9,0,3x,17
8,9,0,3x,17
9,9,0,3x,17
10,9,0,3x,17
1,1,1,3x,19
2,3,1,3x,19
3,5,1,3x,19
4,6,1,3x,19
5,9,0,3x,19
6,9,0,3x,19
7,9,0,3x,19
8,9,0,3x,19
9,9,0,3x,19
10,9,0,3x,19
1,1,1,3x,20
2,1,1,3x,20
3,2,1,3x,20
4,8,1,3x,20
5,8,1,3x,20
6,9,0,3x,20
7,9,0,3x,20
8,9,0,3x,20
9,9,0,3x,20
10,9,0,3x,20
1,1,1,3x,23
2,1,1,3x,23
3,1,1,3x,23
4,1,1,3x,23
5,1,1,3x,23
6,9,0,3x,23
7,9,0,3x,23
8,9,0,3x,23
9,9,0,3x,23
10,9,0,3x,23
1,1,1,3x,31
2,1,1,3x,31
3,1,1,3x,31
4,8,1,3x,31
5,8,1,3x,31
6,9,0,3x,31
7,9,0,3x,31
8,9,0,3x,31
9,9,0,3x,31
10,9,0,3x,31
1,1,1,3x,32
2,1,1,3x,32
3,2,1,3x,32
4,2,1,3x,32
5,2,1,3x,32
6,5,1,3x,32
7,7,1,3x,32
8,9,0,3x,32
9,9,0,3x,32
10,9,0,3x,32
1,1,1,3x,36
2,1,1,3x,36
3,3,1,3x,36
4,3,1,3x,36
5,6,1,3x,36
6,9,0,3x,36
7,9,0,3x,36
8,9,0,3x,36
9,9,0,3x,36
10,9,0,3x,36
1,2,1,1x,4
2,7,1,1x,4
3,7,1,1x,4
4,14,0,1x,4
5,14,0,1x,4
6,14,0,1x,4
7,14,0,1x,4
8,14,0,1x,4
9,14,0,1x,4
10,14,0,1x,4
1,1,1,1x,35
2,1,1,1x,35
3,1,1,1x,35
4,1,1,1x,35
5,2,1,1x,35
6,2,1,1x,35
7,3,1,1x,35
8,5,1,1x,35
9,5,1,1x,35
10,6,1,1x,35
1,1,1,2x,2
2,1,1,2x,2
3,1,1,2x,2
4,1,1,2x,2
5,1,1,2x,2
6,2,1,2x,2
7,5,1,2x,2
8,8,1,2x,2
9,10,1,2x,2
10,13,1,2x,2
1,1,1,2x,11
2,1,1,2x,11
3,6,1,2x,11
4,7,1,2x,11
5,10,1,2x,11
6,13,1,2x,11
7,13,1,2x,11
8,14,0,2x,11
9,14,0,2x,11
10,14,0,2x,11
1,1,1,2x,24
2,1,1,2x,24
3,1,1,2x,24
4,1,1,2x,24
5,2,1,2x,24
6,2,1,2x,24
7,2,1,2x,24
8,4,1,2x,24
9,9,1,2x,24
10,11,1,2x,24
1,1,1,3x,26
2,1,1,3x,26
3,8,1,3x,26
4,14,0,3x,26
5,14,0,3x,26
6,14,0,3x,26
7,14,0,3x,26
8,14,0,3x,26
9,14,0,3x,26
10,14,0,3x,26
1,1,1,3x,33
2,1,1,3x,33
3,4,1,3x,33
4,5,1,3x,33
5,13,0,3x,33
6,13,0,3x,33
7,13,0,3x,33
8,13,0,3x,33
9,14,0,3x,33
10,14,0,3x,33
1,1,1,3x,34
2,1,1,3x,34
3,1,1,3x,34
4,3,1,3x,34
5,5,1,3x,34
6,9,1,3x,34
7,9,1,3x,34
8,10,1,3x,34
9,12,1,3x,34
10,12,1,3x,34
1,1,1,1x,5
2,1,1,1x,5
3,1,1,1x,5
4,1,1,1x,5
5,1,1,1x,5
6,1,1,1x,5
7,1,1,1x,5
8,1,1,1x,5
9,2,1,1x,5
10,2,1,1x,5
1,1,1,1x,38
2,1,1,1x,38
3,1,1,1x,38
4,1,1,1x,38
5,1,1,1x,38
6,1,1,1x,38
7,2,1,1x,38
8,3,1,1x,38
9,5,0,1x,38
10,5,0,1x,38
1,1,1,1x,23
2,1,1,1x,23
3,1,1,1x,23
4,1,1,1x,23
5,1,1,1x,23
6,1,1,1x,23
7,1,1,1x,23
8,1,1,1x,23
9,5,1,1x,23
10,6,1,1x,23
1,1,1,1x,47
2,1,1,1x,47
3,1,1,1x,47
4,1,1,1x,47
5,1,1,1x,47
6,1,1,1x,47
7,1,1,1x,47
8,2,1,1x,47
9,2,1,1x,47
10,4,1,1x,47
1,1,1,2x,18
2,1,1,2x,18
3,1,1,2x,18
4,2,1,2x,18
5,3,1,2x,18
6,4,1,2x,18
7,5,1,2x,18
8,5,1,2x,18
9,5,0,2x,18
10,5,0,2x,18
1,1,1,2x,19
2,1,1,2x,19
3,1,1,2x,19
4,1,1,2x,19
5,1,1,2x,19
6,1,1,2x,19
7,5,1,2x,19
8,5,1,2x,19
9,5,1,2x,19
10,5,1,2x,19
1,1,1,2x,28
2,1,1,2x,28
3,4,1,2x,28
4,5,0,2x,28
5,5,0,2x,28
6,5,0,2x,28
7,5,0,2x,28
8,5,0,2x,28
9,5,0,2x,28
10,5,0,2x,28
1,1,1,3x,8
2,1,1,3x,8
3,1,1,3x,8
4,2,1,3x,8
5,2,1,3x,8
6,3,1,3x,8
7,3,1,3x,8
8,3,1,3x,8
9,3,1,3x,8
10,3,1,3x,8
1,1,1,3x,31
2,1,1,3x,31
3,1,1,3x,31
4,1,1,3x,31
5,2,1,3x,31
6,2,1,3x,31
7,2,1,3x,31
8,3,1,3x,31
9,3,1,3x,31
10,5,0,3x,31
1,1,1,0x,1
2,1,1,0x,1
3,1,1,0x,1
4,1,1,0x,1
5,1,1,0x,1
6,1,1,0x,1
7,1,1,0x,1
8,1,1,0x,1
9,1,1,0x,1
10,1,1,0x,1
1,1,1,0x,2
2,1,1,0x,2
3,1,1,0x,2
4,1,1,0x,2
5,1,1,0x,2
6,1,1,0x,2
7,1,1,0x,2
8,2,1,0x,2
9,2,1,0x,2
10,4,1,0x,2
1,1,1,0x,3
2,1,1,0x,3
3,1,1,0x,3
4,1,1,0x,3
5,1,1,0x,3
6,1,1,0x,3
7,1,1,0x,3
8,1,1,0x,3
9,1,1,0x,3
10,1,1,0x,3
1,1,1,0x,5
2,1,1,0x,5
3,1,1,0x,5
4,1,1,0x,5
5,1,1,0x,5
6,1,1,0x,5
7,1,1,0x,5
8,1,1,0x,5
9,1,1,0x,5
10,1,1,0x,5
1,1,1,0x,8
2,1,1,0x,8
3,1,1,0x,8
4,1,1,0x,8
5,1,1,0x,8
6,1,1,0x,8
7,1,1,0x,8
8,1,1,0x,8
9,1,1,0x,8
10,4,1,0x,8
1,1,1,0x,11
2,1,1,0x,11
3,1,1,0x,11
4,1,1,0x,11
5,1,1,0x,11
6,1,1,0x,11
7,1,1,0x,11
8,1,1,0x,11
9,1,1,0x,11
10,1,1,0x,11
1,1,1,0x,12
2,1,1,0x,12
3,1,1,0x,12
4,1,1,0x,12
5,1,1,0x,12
6,1,1,0x,12
7,1,1,0x,12
8,1,1,0x,12
9,1,1,0x,12
10,1,1,0x,12
1,1,1,0x,13
2,1,1,0x,13
3,1,1,0x,13
4,1,1,0x,13
5,1,1,0x,13
6,1,1,0x,13
7,1,1,0x,13
8,1,1,0x,13
9,1,1,0x,13
10,2,1,0x,13
1,1,1,0x,14
2,1,1,0x,14
3,1,1,0x,14
4,1,1,0x,14
5,1,1,0x,14
6,1,1,0x,14
7,1,1,0x,14
8,1,1,0x,14
9,1,1,0x,14
10,6,1,0x,14
1,1,1,0x,15.1
2,1,1,0x,15.1
3,1,1,0x,15.1
4,1,1,0x,15.1
5,1,1,0x,15.1
6,1,1,0x,15.1
7,1,1,0x,15.1
8,1,1,0x,15.1
9,1,1,0x,15.1
10,1,1,0x,15.1
1,1,1,0x,16
2,1,1,0x,16
3,1,1,0x,16
4,1,1,0x,16
5,1,1,0x,16
6,1,1,0x,16
7,1,1,0x,16
8,1,1,0x,16
9,1,1,0x,16
10,1,1,0x,16
1,1,1,0x,17
2,1,1,0x,17
3,1,1,0x,17
4,1,1,0x,17
5,1,1,0x,17
6,1,1,0x,17
7,1,1,0x,17
8,1,1,0x,17
9,1,1,0x,17
10,1,1,0x,17
1,1,1,0x,20
2,1,1,0x,20
3,1,1,0x,20
4,1,1,0x,20
5,1,1,0x,20
6,1,1,0x,20
7,1,1,0x,20
8,1,1,0x,20
9,1,1,0x,20
10,2,1,0x,20
1,1,1,0x,23.1
2,1,1,0x,23.1
3,1,1,0x,23.1
4,1,1,0x,23.1
5,1,1,0x,23.1
6,1,1,0x,23.1
7,1,1,0x,23.1
8,1,1,0x,23.1
9,1,1,0x,23.1
10,1,1,0x,23.1
1,1,1,0x,27.1
2,1,1,0x,27.1
3,1,1,0x,27.1
4,1,1,0x,27.1
5,1,1,0x,27.1
6,1,1,0x,27.1
7,1,1,0x,27.1
8,1,1,0x,27.1
9,1,1,0x,27.1
10,2,1,0x,27.1
1,1,1,0x,29
2,1,1,0x,29
3,1,1,0x,29
4,1,1,0x,29
5,1,1,0x,29
6,1,1,0x,29
7,1,1,0x,29
8,1,1,0x,29
9,2,1,0x,29
10,2,1,0x,29
1,1,1,0x,34
2,1,1,0x,34
3,1,1,0x,34
4,1,1,0x,34
5,1,1,0x,34
6,1,1,0x,34
7,1,1,0x,34
8,1,1,0x,34
9,1,1,0x,34
10,1,1,0x,34
1,1,1,0x,35
2,1,1,0x,35
3,1,1,0x,35
4,1,1,0x,35
5,1,1,0x,35
6,1,1,0x,35
7,1,1,0x,35
8,1,1,0x,35
9,1,1,0x,35
10,1,1,0x,35
1,1,1,0x,37
2,1,1,0x,37
3,1,1,0x,37
4,1,1,0x,37
5,1,1,0x,37
6,1,1,0x,37
7,1,1,0x,37
8,1,1,0x,37
9,1,1,0x,37
10,4,1,0x,37
1,1,1,0x,41
2,1,1,0x,41
3,1,1,0x,41
4,1,1,0x,41
5,1,1,0x,41
6,1,1,0x,41
7,1,1,0x,41
8,1,1,0x,41
9,1,1,0x,41
10,2,1,0x,41
1,1,1,0x,42
2,1,1,0x,42
3,1,1,0x,42
4,1,1,0x,42
5,1,1,0x,42
6,1,1,0x,42
7,1,1,0x,42
8,2,1,0x,42
9,3,1,0x,42
10,3,1,0x,42
1,1,1,0x,43
2,1,1,0x,43
3,1,1,0x,43
4,1,1,0x,43
5,1,1,0x,43
6,1,1,0x,43
7,1,1,0x,43
8,1,1,0x,43
9,1,1,0x,43
10,1,1,0x,43
1,1,1,0x,45
2,1,1,0x,45
3,1,1,0x,45
4,1,1,0x,45
5,1,1,0x,45
6,1,1,0x,45
7,1,1,0x,45
8,1,1,0x,45
9,1,1,0x,45
10,1,1,0x,45
1,1,1,0x,47
2,1,1,0x,47
3,1,1,0x,47
4,1,1,0x,47
5,1,1,0x,47
6,1,1,0x,47
7,1,1,0x,47
8,1,1,0x,47
9,1,1,0x,47
10,1,1,0x,47
1,1,1,1x,4
2,1,1,1x,4
3,1,1,1x,4
4,1,1,1x,4
5,1,1,1x,4
6,1,1,1x,4
7,1,1,1x,4
8,1,1,1x,4
9,1,1,1x,4
10,1,1,1x,4
1,1,1,1x,6.1
2,1,1,1x,6.1
3,1,1,1x,6.1
4,1,1,1x,6.1
5,1,1,1x,6.1
6,1,1,1x,6.1
7,1,1,1x,6.1
8,1,1,1x,6.1
9,1,1,1x,6.1
10,1,1,1x,6.1
1,1,1,1x,7
2,1,1,1x,7
3,1,1,1x,7
4,1,1,1x,7
5,1,1,1x,7
6,1,1,1x,7
7,1,1,1x,7
8,1,1,1x,7
9,1,1,1x,7
10,1,1,1x,7
1,1,1,1x,9.1
2,1,1,1x,9.1
3,1,1,1x,9.1
4,1,1,1x,9.1
5,1,1,1x,9.1
6,1,1,1x,9.1
7,1,1,1x,9.1
8,1,1,1x,9.1
9,1,1,1x,9.1
10,3,1,1x,9.1
1,1,1,1x,10
2,1,1,1x,10
3,1,1,1x,10
4,1,1,1x,10
5,1,1,1x,10
6,1,1,1x,10
7,1,1,1x,10
8,1,1,1x,10
9,3,1,1x,10
10,7,1,1x,10
1,1,1,1x,18
2,1,1,1x,18
3,1,1,1x,18
4,1,1,1x,18
5,1,1,1x,18
6,1,1,1x,18
7,1,1,1x,18
8,1,1,1x,18
9,1,1,1x,18
10,5,1,1x,18
1,1,1,1x,19
2,1,1,1x,19
3,1,1,1x,19
4,1,1,1x,19
5,1,1,1x,19
6,1,1,1x,19
7,1,1,1x,19
8,1,1,1x,19
9,1,1,1x,19
10,1,1,1x,19
1,2,1,1x,21
2,2,1,1x,21
3,2,1,1x,21
4,2,1,1x,21
5,2,1,1x,21
6,3,1,1x,21
7,3,1,1x,21
8,4,1,1x,21
9,4,1,1x,21
10,4,1,1x,21
1,1,1,1x,22.1
2,1,1,1x,22.1
3,1,1,1x,22.1
4,1,1,1x,22.1
5,1,1,1x,22.1
6,1,1,1x,22.1
7,1,1,1x,22.1
8,1,1,1x,22.1
9,1,1,1x,22.1
10,1,1,1x,22.1
1,1,1,1x,24
2,1,1,1x,24
3,1,1,1x,24
4,1,1,1x,24
5,1,1,1x,24
6,1,1,1x,24
7,1,1,1x,24
8,1,1,1x,24
9,2,1,1x,24
10,3,1,1x,24
1,1,1,1x,25.1
2,1,1,1x,25.1
3,1,1,1x,25.1
4,1,1,1x,25.1
5,1,1,1x,25.1
6,1,1,1x,25.1
7,1,1,1x,25.1
8,1,1,1x,25.1
9,1,1,1x,25.1
10,1,1,1x,25.1
1,1,1,1x,25.2
2,1,1,1x,25.2
3,1,1,1x,25.2
4,1,1,1x,25.2
5,1,1,1x,25.2
6,1,1,1x,25.2
7,1,1,1x,25.2
8,1,1,1x,25.2
9,1,1,1x,25.2
10,1,1,1x,25.2
1,1,1,1x,26
2,1,1,1x,26
3,1,1,1x,26
4,1,1,1x,26
5,1,1,1x,26
6,1,1,1x,26
7,1,1,1x,26
8,1,1,1x,26
9,1,1,1x,26
10,3,1,1x,26
1,1,1,1x,28
2,1,1,1x,28
3,1,1,1x,28
4,1,1,1x,28
5,1,1,1x,28
6,1,1,1x,28
7,1,1,1x,28
8,1,1,1x,28
9,1,1,1x,28
10,2,1,1x,28
1,1,1,1x,30
2,1,1,1x,30
3,1,1,1x,30
4,1,1,1x,30
5,1,1,1x,30
6,1,1,1x,30
7,1,1,1x,30
8,1,1,1x,30
9,1,1,1x,30
10,1,1,1x,30
1,1,1,1x,31
2,1,1,1x,31
3,1,1,1x,31
4,1,1,1x,31
5,1,1,1x,31
6,1,1,1x,31
7,1,1,1x,31
8,1,1,1x,31
9,2,1,1x,31
10,2,1,1x,31
1,1,1,1x,32
2,1,1,1x,32
3,1,1,1x,32
4,1,1,1x,32
5,1,1,1x,32
6,1,1,1x,32
7,1,1,1x,32
8,1,1,1x,32
9,1,1,1x,32
10,1,1,1x,32
1,1,1,1x,33
2,1,1,1x,33
3,1,1,1x,33
4,1,1,1x,33
5,1,1,1x,33
6,1,1,1x,33
7,1,1,1x,33
8,1,1,1x,33
9,1,1,1x,33
10,1,1,1x,33
1,1,1,1x,36
2,1,1,1x,36
3,1,1,1x,36
4,1,1,1x,36
5,1,1,1x,36
6,1,1,1x,36
7,1,1,1x,36
8,1,1,1x,36
9,1,1,1x,36
10,4,1,1x,36
1,1,1,1x,38
2,1,1,1x,38
3,1,1,1x,38
4,1,1,1x,38
5,1,1,1x,38
6,1,1,1x,38
7,1,1,1x,38
8,1,1,1x,38
9,1,1,1x,38
10,4,1,1x,38
1,1,1,1x,39
2,1,1,1x,39
3,1,1,1x,39
4,1,1,1x,39
5,1,1,1x,39
6,1,1,1x,39
7,1,1,1x,39
8,1,1,1x,39
9,1,1,1x,39
10,1,1,1x,39
1,1,1,1x,40
2,1,1,1x,40
3,1,1,1x,40
4,1,1,1x,40
5,1,1,1x,40
6,1,1,1x,40
7,1,1,1x,40
8,1,1,1x,40
9,1,1,1x,40
10,1,1,1x,40
1,1,1,1x,44.1
2,1,1,1x,44.1
3,1,1,1x,44.1
4,1,1,1x,44.1
5,1,1,1x,44.1
6,1,1,1x,44.1
7,1,1,1x,44.1
8,1,1,1x,44.1
9,1,1,1x,44.1
10,4,1,1x,44.1
1,1,1,1x,44.2
2,1,1,1x,44.2
3,1,1,1x,44.2
4,1,1,1x,44.2
5,1,1,1x,44.2
6,1,1,1x,44.2
7,1,1,1x,44.2
8,1,1,1x,44.2
9,1,1,1x,44.2
10,1,1,1x,44.2
1,1,1,1x,46
2,1,1,1x,46
3,1,1,1x,46
4,1,1,1x,46
5,1,1,1x,46
6,2,1,1x,46
7,3,1,1x,46
8,3,1,1x,46
9,4,1,1x,46
10,6,1,1x,46
1,1,1,1x,48
2,1,1,1x,48
3,1,1,1x,48
4,1,1,1x,48
5,1,1,1x,48
6,1,1,1x,48
7,1,1,1x,48
8,1,1,1x,48
9,1,1,1x,48
10,2,1,1x,48
1,1,1,2x,9.2
2,1,1,2x,9.2
3,1,1,2x,9.2
4,1,1,2x,9.2
5,1,1,2x,9.2
6,1,1,2x,9.2
7,1,1,2x,9.2
8,1,1,2x,9.2
9,1,1,2x,9.2
10,1,1,2x,9.2
1,1,1,2x,15.2
2,1,1,2x,15.2
3,1,1,2x,15.2
4,1,1,2x,15.2
5,1,1,2x,15.2
6,1,1,2x,15.2
7,1,1,2x,15.2
8,1,1,2x,15.2
9,1,1,2x,15.2
10,1,1,3x,15.2
1,1,1,3x,6.2
2,1,1,3x,6.2
3,1,1,3x,6.2
4,1,1,3x,6.2
5,1,1,3x,6.2
6,1,1,3x,6.2
7,2,1,3x,6.2
8,2,1,3x,6.2
9,2,1,3x,6.2
10,2,1,3x,6.2
1,1,1,3x,22.2
2,1,1,3x,22.2
3,1,1,3x,22.2
4,1,1,3x,22.2
5,1,1,3x,22.2
6,1,1,3x,22.2
7,1,1,3x,22.2
8,1,1,3x,22.2
9,1,1,3x,22.2
10,2,1,3x,22.2
1,1,1,3x,23.2
2,1,1,3x,23.2
3,1,1,3x,23.2
4,1,1,3x,23.2
5,1,1,3x,23.2
6,1,1,3x,23.2
7,1,1,3x,23.2
8,1,1,3x,23.2
9,1,1,3x,23.2
10,1,1,3x,23.2
1,1,1,3x,27
2,1,1,3x,27
3,1,1,3x,27
4,1,1,3x,27
5,1,1,3x,27
6,1,1,3x,27
7,1,1,3x,27
8,2,1,3x,27
9,2,1,3x,27
10,2,1,3x,27
